filename,HC_pred_mm,HC_csv_mm,HC_error_mm,HC_abs_error_mm,HC_error_percent,BPD_mm,OFD_mm,HeadArea_mm2,GA_weeks
036_HC.png,74.97223318685154,73.96,1.012233186851546,1.012233186851546,1.368622480870127,20.821219493504117,26.724189789572286,432.93109090620663,12.497223318685155
043_HC.png,72.48401581007364,69.94,2.5440158100736454,2.5440158100736454,3.6374260938999794,21.58523160185716,24.51302674555161,412.5336947592277,12.248401581007364
050_HC.png,71.21723527468048,67.5,3.717235274680476,3.717235274680476,5.507015221748854,20.46069767955773,24.77469007357135,395.7620999378369,12.121723527468047
068_HC.png,87.17307204564506,83.37,3.8030720456450524,3.8030720456450524,4.561679315875078,25.267048892624235,30.122590171656036,593.1669891832582,13.717307204564506
078_HC.png,82.47163192453006,78.08,4.39163192453006,4.39163192453006,5.624528591867393,23.601008077661252,28.774242169887064,528.5580660302577,13.247163192453005
